<?xml version="1.0" encoding="UTF-8" ?>
<!DOCTYPE mapper PUBLIC "-//mybatis.org//DTD Mapper 3.0//EN" "http://mybatis.org/dtd/mybatis-3-mapper.dtd" >
<mapper namespace="com.design.framework.message.dao.MessageDao" >
    <resultMap id="BaseResultMap" type="com.design.framework.message.model.Message" >
        <id column="m_id" property="m_id" jdbcType="INTEGER" />
        <result column="user_id" property="user_id" jdbcType="INTEGER" />
        <result column="time" property="time" jdbcType="TIMESTAMP" />
        <result column="message" property="message" jdbcType="VARCHAR" />
        <result column="reply" property="reply" jdbcType="VARCHAR" />
    </resultMap>
    <sql id="message_columns" >
        m_id, user_id, time, message, reply
    </sql>
    
    <resultMap type="com.design.framework.message.model.Message" id="SimpleResultMap" extends="BaseResultMap">
        <association property="user" javaType="com.design.framework.user.model.User">
            <id column="user_id" property="user_id" jdbcType="INTEGER" />
            <result column="user_name" property="user_name" jdbcType="VARCHAR" />
        </association>
    </resultMap>
    
    <select id="list" resultMap="SimpleResultMap">
        select 
        m_id, user_name, time, message, reply
        from message left join user on message.user_id=user.user_id 
    </select>
    
    <select id="load" resultMap="SimpleResultMap" parameterType="java.lang.Integer" >
        select 
        m_id, user_name, time, message, reply
        from message left join user on message.user_id=user.user_id 
        where m_id = #{m_id,jdbcType=INTEGER}
    </select>
    <delete id="delete" parameterType="java.lang.Integer" >
        delete from message
        where m_id = #{m_id,jdbcType=INTEGER}
    </delete>
    <insert id="add" parameterType="com.design.framework.message.model.Message" >
        insert into message
        <trim prefix="(" suffix=")" suffixOverrides="," >
            <if test="m_id != null" >
                m_id,
            </if>
            <if test="user_id != null" >
                user_id,
            </if>
            <if test="time != null" >
                time,
            </if>
            <if test="message != null" >
                message,
            </if>
            <if test="reply != null" >
                reply,
            </if>
        </trim>
        <trim prefix="values (" suffix=")" suffixOverrides="," >
            <if test="m_id != null" >
                #{m_id,jdbcType=INTEGER},
            </if>
            <if test="user_id != null" >
                #{user_id,jdbcType=INTEGER},
            </if>
            <if test="time != null" >
                #{time,jdbcType=TIMESTAMP},
            </if>
            <if test="message != null" >
                #{message,jdbcType=VARCHAR},
            </if>
            <if test="reply != null" >
                #{reply,jdbcType=VARCHAR},
            </if>
        </trim>
    </insert>
    <update id="update" parameterType="com.design.framework.message.model.Message" >
        update message
        <set >
            <if test="user_id != null" >
                user_id = #{user_id,jdbcType=INTEGER},
            </if>
            <if test="time != null" >
                time = #{time,jdbcType=TIMESTAMP},
            </if>
            <if test="message != null" >
                message = #{message,jdbcType=VARCHAR},
            </if>
            <if test="reply != null" >
                reply = #{reply,jdbcType=VARCHAR},
            </if>
        </set>
        where m_id = #{m_id,jdbcType=INTEGER}
    </update>
</mapper>