<?xml version="1.0" encoding="UTF-8" ?>
<!DOCTYPE mapper PUBLIC "-//mybatis.org//DTD Mapper 3.0//EN" "http://mybatis.org/dtd/mybatis-3-mapper.dtd" >
<mapper namespace="com.design.framework.apply.dao.ApplyDao" >
    <resultMap id="BaseResultMap" type="com.design.framework.apply.model.Apply" >
        <id column="a_id" property="a_id" jdbcType="INTEGER" />
        <result column="s_id" property="s_id" jdbcType="INTEGER" />
        <result column="user_id" property="user_id" jdbcType="INTEGER" />
        <result column="reason" property="reason" jdbcType="VARCHAR" />
        <result column="starTime" property="starTime" jdbcType="TIMESTAMP" />
        <result column="endTime" property="endTime" jdbcType="TIMESTAMP" />
        <result column="a_type" property="a_type" jdbcType="INTEGER" />
        <result column="countNum" property="countNum" jdbcType="INTEGER" />
        <result column="ext1_int" property="ext1_int" jdbcType="INTEGER" />
        <result column="ext2_varchar" property="ext2_varchar" jdbcType="VARCHAR" />
    </resultMap>
    <sql id="apply_columns" >
        a_id, s_id, user_id, reason, starTime, endTime, a_type, ext1_int, ext2_varchar
    </sql>
    <resultMap type="com.design.framework.apply.model.Apply" id="SimpleResultMap" extends="BaseResultMap">
        <association property="site" javaType="com.design.framework.site.model.Site">
            <id column="s_id" property="s_id" jdbcType="INTEGER" />
            <result column="s_name" property="s_name" jdbcType="VARCHAR" />
        </association>
        <association property="user" javaType="com.design.framework.user.model.User">
            <id column="user_id" property="user_id" jdbcType="INTEGER" />
            <result column="user_name" property="user_name" jdbcType="VARCHAR" />
        </association>
    </resultMap>
    <select id="list" resultMap="SimpleResultMap">
        select 
        a_id, s_name, user_name, reason, starTime, endTime, a_type
        from apply left join user on apply.user_id=user.user_id left join site on apply.s_id=site.s_id
        where a_type = 0
    </select>
    
    <select id="useList" resultMap="SimpleResultMap">
        select 
        a_id, s_name, user_name, reason, starTime, endTime, a_type
        from apply left join user on apply.user_id=user.user_id left join site on apply.s_id=site.s_id
        where a_type = 1
    </select>
    
    <select id="chartList" resultType="map">
        select 
        s_name label,COUNT(apply.s_id) value
        from apply  left join site on apply.s_id=site.s_id 
		where a_type = 1
		GROUP BY apply.user_id,apply.s_id
    </select>
    
    <select id="timeList" resultMap="SimpleResultMap">
        select 
        a_id, s_name, user_name, reason, starTime, endTime, a_type
        from apply left join user on apply.user_id=user.user_id left join site on apply.s_id=site.s_id
        where a_type = 1
    </select>
    
    <select id="peopleList" resultMap="SimpleResultMap">
        select 
        s_name, user_name, COUNT(apply.s_id) as countNum
        from apply left join user on apply.user_id=user.user_id left join site on apply.s_id=site.s_id 
		where a_type = 1
		GROUP BY apply.user_id,apply.s_id
    </select>
    
    <select id="withdrawList" resultMap="SimpleResultMap">
        select 
        a_id, s_name, user_name, reason, starTime, endTime, a_type
        from apply left join user on apply.user_id=user.user_id left join site on apply.s_id=site.s_id
        where a_type = 0 and apply.user_id = #{user_id}
    </select>
    
    <select id="historyList" resultMap="SimpleResultMap">
        select 
        a_id, s_name, user_name, reason, starTime, endTime, a_type
        from apply left join user on apply.user_id=user.user_id left join site on apply.s_id=site.s_id
        where a_type != 0 and apply.user_id = #{user_id}
    </select>
    
    <select id="load" resultMap="BaseResultMap" parameterType="java.lang.Integer" >
        select 
        <include refid="apply_columns" />
        from apply
        where a_id = #{a_id,jdbcType=INTEGER}
    </select>
    <delete id="delete" parameterType="java.lang.Integer" >
        delete from apply
        where a_id = #{a_id,jdbcType=INTEGER}
    </delete>
    <insert id="add" parameterType="com.design.framework.apply.model.Apply" >
        insert into apply
        <trim prefix="(" suffix=")" suffixOverrides="," >
            <if test="a_id != null" >
                a_id,
            </if>
            <if test="s_id != null" >
                s_id,
            </if>
            <if test="user_id != null" >
                user_id,
            </if>
            <if test="reason != null" >
                reason,
            </if>
            <if test="starTime != null" >
                starTime,
            </if>
            <if test="endTime != null" >
                endTime,
            </if>
            <if test="a_type != null" >
                a_type,
            </if>
            <if test="ext1_int != null" >
                ext1_int,
            </if>
            <if test="ext2_varchar != null" >
                ext2_varchar,
            </if>
        </trim>
        <trim prefix="values (" suffix=")" suffixOverrides="," >
            <if test="a_id != null" >
                #{a_id,jdbcType=INTEGER},
            </if>
            <if test="s_id != null" >
                #{s_id,jdbcType=INTEGER},
            </if>
            <if test="user_id != null" >
                #{user_id,jdbcType=INTEGER},
            </if>
            <if test="reason != null" >
                #{reason,jdbcType=VARCHAR},
            </if>
            <if test="starTime != null" >
                #{starTime,jdbcType=TIMESTAMP},
            </if>
            <if test="endTime != null" >
                #{endTime,jdbcType=TIMESTAMP},
            </if>
            <if test="a_type != null" >
                #{a_type,jdbcType=INTEGER},
            </if>
            <if test="ext1_int != null" >
                #{ext1_int,jdbcType=INTEGER},
            </if>
            <if test="ext2_varchar != null" >
                #{ext2_varchar,jdbcType=VARCHAR},
            </if>
        </trim>
    </insert>
    <update id="update" parameterType="com.design.framework.apply.model.Apply" >
        update apply
        <set >
            <if test="s_id != null" >
                s_id = #{s_id,jdbcType=INTEGER},
            </if>
            <if test="user_id != null" >
                user_id = #{user_id,jdbcType=INTEGER},
            </if>
            <if test="reason != null" >
                reason = #{reason,jdbcType=VARCHAR},
            </if>
            <if test="starTime != null" >
                starTime = #{starTime,jdbcType=TIMESTAMP},
            </if>
            <if test="endTime != null" >
                endTime = #{endTime,jdbcType=TIMESTAMP},
            </if>
            <if test="a_type != null" >
                a_type = #{a_type,jdbcType=INTEGER},
            </if>
            <if test="ext1_int != null" >
                ext1_int = #{ext1_int,jdbcType=INTEGER},
            </if>
            <if test="ext2_varchar != null" >
                ext2_varchar = #{ext2_varchar,jdbcType=VARCHAR},
            </if>
        </set>
        where a_id = #{a_id,jdbcType=INTEGER}
    </update>
</mapper>